speaker_id,duration
1050,70.86760672082812
1075,42.69194134890812
1150,39.6920448205737
228,66.4644401522514
255,38.381485663895134
516,37.207126903127346
651,29.25264727130495
819,43.156701253824494
