speaker_id,duration
ks000,218.42680272108842
ks001,148.69120181405896
ks003,133.17201814058956
ks006,140.28113378684807
ks008,146.32707482993197
ks00b,133.16965986394558
