speaker_id,duration
1050,70.86760672082812
1075,42.69194134890812
1150,39.6920448205737
166,73.67857823158987
219,86.43256272456546
228,66.4644401522514
255,35.87945996472658
516,37.207126903127346
651,29.25264727130495
819,43.156701253824494
97,49.06118243952855
